[
  {
    "id": "a55d2803-d28c-4416-8ee6-5aa03425f378",
    "data": [
      {
        "text": "fuckyou",
        "userDefined": false
      }
    ],
    "isTemplate": false,
    "count": 0,
    "updated": 1527584536
  },
  {
    "id": "7bc9e634-c1e0-49a1-bde1-9d2b14239a4d",
    "data": [
      {
        "text": "fucking",
        "userDefined": false
      }
    ],
    "isTemplate": false,
    "count": 0,
    "updated": 1527584536
  },
  {
    "id": "14cb97f7-09e4-4dfa-9ea3-a065a9a22381",
    "data": [
      {
        "text": "fuck you",
        "userDefined": false
      }
    ],
    "isTemplate": false,
    "count": 0,
    "updated": 1527584536
  }
]