[
  {
    "id": "8d222618-58ff-4623-89f5-4215c91d45f4",
    "data": [
      {
        "text": "about ",
        "userDefined": false
      },
      {
        "text": "tomorrow",
        "alias": "date",
        "meta": "@sys.date",
        "userDefined": false
      }
    ],
    "isTemplate": false,
    "count": 0,
    "updated": 1527586641
  },
  {
    "id": "d492f41f-8747-4852-a654-5a8f10a77dd5",
    "data": [
      {
        "text": "how about ",
        "userDefined": false
      },
      {
        "text": "tomorrow",
        "alias": "date",
        "meta": "@sys.date",
        "userDefined": false
      }
    ],
    "isTemplate": false,
    "count": 0,
    "updated": 1527586641
  },
  {
    "id": "e38c9110-88b2-479b-8281-feacdaf77aab",
    "data": [
      {
        "text": "What about ",
        "userDefined": false
      },
      {
        "text": "tomorrow",
        "alias": "date",
        "meta": "@sys.date",
        "userDefined": false
      }
    ],
    "isTemplate": false,
    "count": 1,
    "updated": 1527586641
  }
]