[
  {
    "id": "26b92d38-f915-44f0-9c5c-4657acd5f377",
    "data": [
      {
        "text": "Weather forecast in ",
        "userDefined": false
      },
      {
        "text": "San Francisco",
        "alias": "geo-city",
        "meta": "@sys.geo-city",
        "userDefined": false
      },
      {
        "text": " ",
        "userDefined": false
      },
      {
        "text": "tomorrow",
        "alias": "date",
        "meta": "@sys.date",
        "userDefined": false
      }
    ],
    "isTemplate": false,
    "count": 0,
    "updated": 1527586142
  },
  {
    "id": "740e1666-c10e-432d-9c27-548a1f40c623",
    "data": [
      {
        "text": "Weather for ",
        "userDefined": false
      },
      {
        "text": "tomorrow",
        "alias": "date",
        "meta": "@sys.date",
        "userDefined": false
      }
    ],
    "isTemplate": false,
    "count": 0,
    "updated": 1527586142
  },
  {
    "id": "8a240a3d-3ec8-45cf-bf15-73c8abeddc09",
    "data": [
      {
        "text": "What is the weather ",
        "userDefined": false
      },
      {
        "text": "today",
        "alias": "date",
        "meta": "@sys.date",
        "userDefined": false
      }
    ],
    "isTemplate": false,
    "count": 0,
    "updated": 1527586142
  },
  {
    "id": "c16ff9fd-eb39-4776-9a0f-24d22f1fdcb5",
    "data": [
      {
        "text": "Weather forecast",
        "userDefined": false
      }
    ],
    "isTemplate": false,
    "count": 0,
    "updated": 1527586142
  },
  {
    "id": "3077a9fd-faca-4f88-a6da-9bee7d4e63ba",
    "data": [
      {
        "text": "What is the weather supposed to be",
        "userDefined": false
      }
    ],
    "isTemplate": false,
    "count": 0,
    "updated": 1527586142
  },
  {
    "id": "a1f81186-01d5-44eb-a525-df8fedd71cad",
    "data": [
      {
        "text": "What is the weather like",
        "userDefined": false
      }
    ],
    "isTemplate": false,
    "count": 0,
    "updated": 1527586142
  }
]